2,"1969-01-02 17:50:48",-56.096,-27.842,80.1,6,"mw","iscgemsup812819","South Sandwich Islands region","earthquake"
3,"1969-01-03 3:16:40",37.14,57.899,10,5.5,"mw","iscgem812826","Turkmenistan-Iran border region","earthquake"
4,"1969-01-03 13:28:12",51.132,-179.306,15,5.9,"mw","iscgem812841","Andreanof Islands, Aleutian Islands, Alaska","earthquake"
5,"1969-01-04 22:36:48",-6.85,129.821,105,5.8,"mw","iscgem812879","Banda Sea","earthquake"
6,"1969-01-05 13:26:43",-7.97,158.888,60,7,"mw","iscgem812898","Solomon Islands","earthquake"
7,"1969-01-06 15:39:00",-10.407,164.479,10,6.9,"mw","iscgem812954","Santa Cruz Islands region","earthquake"
8,"1969-01-08 21:55:51",11.823,143.419,45,5.6,"mw","iscgem813024","south of the Mariana Islands","earthquake"
9,"1969-01-10 3:20:55",28.92,130.667,25,5.9,"mw","iscgem813057","Ryukyu Islands, Japan","earthquake"
10,"1969-01-13 8:55:05",-7.967,158.999,50,5.8,"mw","iscgem813149","Solomon Islands","earthquake"
11,"1969-01-14 23:12:08",36.043,29.221,25,6.4,"mw","iscgem813187","western Turkey","earthquake"
12,"1969-01-18 3:02:38",-56.756,-26.865,130,6.4,"mw","iscgemsup813263","South Sandwich Islands region","earthquake"
13,"1969-01-19 7:02:09",44.985,143.238,244.7,7,"mw","iscgem813290","Hokkaido, Japan region","earthquake"
14,"1969-01-19 18:50:53",-14.849,167.345,112.9,7.1,"mw","iscgem813304","Vanuatu","earthquake"
15,"1969-01-20 12:24:38",-10.441,164.67,10,6.2,"mw","iscgem813332","Santa Cruz Islands region","earthquake"
16,"1969-01-20 14:20:13",54.899,166.054,25,5.9,"mw","iscgem813336","Komandorskiye Ostrova, Russia region","earthquake"
17,"1969-01-22 0:42:31",55.901,162.962,30.1,5.6,"mw","iscgem813398","near the east coast of the Kamchatka Peninsula, Russia","earthquake"
18,"1969-01-24 2:33:04",-21.882,-179.498,593.5,6.7,"mw","iscgem813480","Fiji region","earthquake"
19,"1969-01-25 5:19:20",0.836,126.005,35,6,"mw","iscgem813514","Molucca Sea","earthquake"
20,"1969-01-26 15:05:37",55.84,162.688,31.3,6.1,"mw","iscgem813567","near the east coast of the Kamchatka Peninsula, Russia","earthquake"
21,"1969-01-27 13:15:28",8.654,137.854,15,6.2,"mw","iscgem813602","State of Yap, Federated States of Micronesia","earthquake"
22,"1969-01-29 17:44:30",-17.048,-171.604,15,6,"mw","iscgem813674","Tonga region","earthquake"
23,"1969-01-30 10:29:41",4.569,127.306,60,7.6,"mw","iscgem813688","Kepulauan Talaud, Indonesia","earthquake"
24,"1969-01-31 0:44:16",4.192,128.186,43.3,6.4,"mw","iscgem813710","north of Halmahera, Indonesia","earthquake"
25,"1969-01-31 13:48:24",4.356,128.231,40,6,"mw","iscgem813732","north of Halmahera, Indonesia","earthquake"
26,"1969-01-31 14:59:35",-15.426,-174.909,260,5.6,"mw","iscgem813736","Tonga","earthquake"
27,"1969-02-01 7:41:24",9.252,126.46,35,5.7,"mw","iscgem811747","Mindanao, Philippines","earthquake"
28,"1969-02-02 1:38:48",3.8,128.255,45,6,"mw","iscgem811775","north of Halmahera, Indonesia","earthquake"
29,"1969-02-02 5:21:29",3.882,128.371,45,5.7,"mw","iscgem811783","north of Halmahera, Indonesia","earthquake"
30,"1969-02-03 19:01:31",4.254,128.102,30,5.8,"mw","iscgem811839","north of Halmahera, Indonesia","earthquake"
31,"1969-02-03 21:41:43",4.738,127.374,35,6.8,"mw","iscgem811844","Kepulauan Talaud, Indonesia","earthquake"
32,"1969-02-04 1:38:30",-0.717,121.631,45,6.1,"mw","iscgem811849","Sulawesi, Indonesia","earthquake"
33,"1969-02-04 4:10:18",-8.124,-79.943,35,6.2,"mw","iscgem811851","near the coast of northern Peru","earthquake"
34,"1969-02-10 22:58:06",-22.797,178.82,660,7.2,"mw","iscgem812084","south of the Fiji Islands","earthquake"
35,"1969-02-10 23:02:59",-22.973,179.076,662,5.9,"mw","iscgem812085","south of the Fiji Islands","earthquake"
36,"1969-02-11 22:08:54",41.389,79.307,13.3,6.1,"mw","iscgem812113","Kyrgyzstan-Xinjiang border region","earthquake"
37,"1969-02-11 22:16:13",-6.784,126.581,430.5,7.2,"mw","iscgem812115","Banda Sea","earthquake"
38,"1969-02-15 13:49:15",-13.672,167.219,210.1,5.7,"mw","iscgem812247","Vanuatu","earthquake"
39,"1969-02-17 0:43:04",3.65,128.351,40,6.3,"mw","iscgem812293","north of Halmahera, Indonesia","earthquake"
40,"1969-02-20 9:55:41",3.524,128.21,75,6.3,"mw","iscgem812400","north of Halmahera, Indonesia","earthquake"
41,"1969-02-20 10:30:21",3.337,128.176,55,6.3,"mw","iscgem812402","north of Halmahera, Indonesia","earthquake"
42,"1969-02-20 16:58:15",3.509,128.311,35,6,"mw","iscgem812421","north of Halmahera, Indonesia","earthquake"
43,"1969-02-23 0:36:58",-3.201,118.904,15,7,"mw","iscgem812497","Sulawesi, Indonesia","earthquake"
44,"1969-02-24 0:08:46",-6.122,130.946,35,6.2,"mw","iscgem812527","Banda Sea","earthquake"
45,"1969-02-25 1:35:04",5.255,126.512,65,5.7,"mw","iscgem812554","Mindanao, Philippines","earthquake"
46,"1969-02-28 2:40:32",36.033,-10.613,10,7.8,"mw","iscgem812637","Azores-Cape St. Vincent Ridge","earthquake"
47,"1969-02-28 4:25:35",36.181,-10.54,10,6.2,"mw","iscgem812648","Azores-Cape St. Vincent Ridge","earthquake"
48,"1969-03-03 0:59:13",40.028,27.572,15,5.8,"mw","iscgem810456","western Turkey","earthquake"
49,"1969-03-03 14:49:33",51.574,159.196,34.5,6,"mw","iscgem810486","off the east coast of the Kamchatka Peninsula, Russia","earthquake"
50,"1969-03-05 13:52:05",4.031,128.112,35,6.2,"mw","iscgem810572","north of Halmahera, Indonesia","earthquake"
51,"1969-03-05 19:33:24",36.394,70.746,205.6,6.2,"mw","iscgem810582","Hindu Kush region, Afghanistan","earthquake"
52,"1969-03-08 10:20:10",41.32,139.81,170,5.7,"mw","iscgem810683","Hokkaido, Japan region","earthquake"
53,"1969-03-09 13:48:04",-4.193,135.504,20,6.3,"mw","iscgem810744","near the south coast of Papua, Indonesia","earthquake"
54,"1969-03-09 14:39:04",-4.103,135.64,20,5.7,"mw","iscgem810746","near the south coast of Papua, Indonesia","earthquake"
55,"1969-03-10 6:54:18",-5.589,147.23,198.7,6,"mw","iscgemsup810765","eastern New Guinea region, Papua New Guinea","earthquake"
56,"1969-03-14 8:47:17",12.78,-86.812,179.8,5.7,"mw","iscgem810910","Nicaragua","earthquake"
57,"1969-03-15 11:44:42",-2.736,126.589,20,5.8,"mw","iscgem810950","Ceram Sea, Indonesia","earthquake"
58,"1969-03-15 13:35:36",51.303,-179.068,42.3,5.7,"mw","iscgem810954","Andreanof Islands, Aleutian Islands, Alaska","earthquake"
59,"1969-03-16 15:54:18",38.542,142.886,38.8,6,"mw","iscgem810987","near the east coast of Honshu, Japan","earthquake"
60,"1969-03-18 16:16:36",44.047,150.906,12.9,5.6,"mw","iscgem811059","east of the Kuril Islands","earthquake"
61,"1969-03-19 13:59:27",28.783,128.435,168.5,6.5,"mw","iscgem811093","Ryukyu Islands, Japan","earthquake"
62,"1969-03-20 8:17:42",31.205,-114.315,10,5.7,"mw","iscgem811127","Baja California-Sonora border region, Mexico","earthquake"
63,"1969-03-20 16:18:55",8.697,127.217,20,6.1,"mw","iscgem811148","Philippine Islands region","earthquake"
64,"1969-03-20 23:38:40",8.734,127.324,20,5.7,"mw","iscgem811160","Philippine Islands region","earthquake"
65,"1969-03-21 3:05:11",40.38,143.882,17.1,5.8,"mw","iscgem811168","off the east coast of Honshu, Japan","earthquake"
66,"1969-03-21 4:56:18",31.296,-114.417,10,6,"mw","iscgem811200","Baja California-Sonora border region, Mexico","earthquake"
67,"1969-03-22 5:43:56",-15.621,-176.013,15,5.8,"mw","iscgem811375","Fiji region","earthquake"
68,"1969-03-23 21:08:44",39.083,28.493,15,5.9,"mw","iscgem811440","western Turkey","earthquake"
69,"1969-03-25 13:21:32",39.237,28.714,15,6.1,"mw","iscgem811514","western Turkey","earthquake"
70,"1969-03-27 4:46:25",3.745,128.299,15,6,"mw","iscgem811574","north of Halmahera, Indonesia","earthquake"
71,"1969-03-27 12:41:40",4.575,127.609,50,6.6,"mw","iscgem811592","Kepulauan Talaud, Indonesia","earthquake"
72,"1969-03-28 1:48:32",38.515,28.546,10,6.7,"mw","iscgem811616","western Turkey","earthquake"
73,"1969-03-29 9:15:53",11.875,41.208,10,6.2,"mw","iscgem811663","Ethiopia","earthquake"
74,"1969-03-29 11:04:50",11.886,41.341,10,6.1,"mw","iscgem811667","Ethiopia","earthquake"
75,"1969-03-29 13:48:56",10.324,56.977,15,5.6,"mw","iscgem811675","Carlsberg Ridge","earthquake"
76,"1969-03-31 7:15:52",27.575,33.895,10,6.6,"mw","iscgem811717","Egypt","earthquake"
77,"1969-03-31 19:25:28",38.502,134.555,398.1,6.7,"mw","iscgem811728","Sea of Japan","earthquake"
78,"1969-04-04 8:45:17",51.117,173.537,15,5.7,"mw","iscgem809550","Near Islands, Aleutian Islands, Alaska","earthquake"
79,"1969-04-04 16:16:16",24.315,-110.154,15,5.9,"mw","iscgem809562","Baja California Sur, Mexico","earthquake"
80,"1969-04-04 22:57:16",54.435,169.37,15.9,5.6,"mw","iscgem809568","Komandorskiye Ostrova, Russia region","earthquake"
81,"1969-04-05 2:18:31",11.884,41.338,15,6.1,"mw","iscgem809572","Ethiopia","earthquake"
82,"1969-04-05 23:26:12",1.339,-85.024,15,6.3,"mw","iscgem809597","off the coast of Ecuador","earthquake"
83,"1969-04-06 3:49:35",38.433,26.631,15,5.8,"mw","iscgem809602","near the coast of western Turkey","earthquake"
84,"1969-04-07 20:26:29",76.481,131.227,15,5.5,"mw","iscgem809652","Laptev Sea","earthquake"
85,"1969-04-09 11:43:48",-49.191,30.286,15,5.7,"mw","iscgem809697","south of Africa","earthquake"
86,"1969-04-09 12:57:25",36.825,139.853,110.4,5.7,"mw","iscgem809699","eastern Honshu, Japan","earthquake"
87,"1969-04-10 14:54:05",42.082,131.132,565,5.8,"mw","iscgem809729","eastern Russia-northeastern China border region","earthquake"
88,"1969-04-13 15:24:55",17.747,80.775,20,5.7,"mw","iscgem809816","Andhra Pradesh, India","earthquake"
89,"1969-04-13 23:33:18",-6.162,129.789,167.5,6.4,"mw","iscgem809833","Banda Sea","earthquake"
90,"1969-04-15 17:30:55",39.854,143.647,10,6.1,"mw","iscgem809881","off the east coast of Honshu, Japan","earthquake"
91,"1969-04-15 22:15:11",-6.006,113.079,588.3,5.6,"mw","iscgem809889","Java, Indonesia","earthquake"
92,"1969-04-16 1:22:49",-3.549,151.019,25,6.5,"mw","iscgem809893","New Ireland region, Papua New Guinea","earthquake"
93,"1969-04-16 12:19:35",-13.488,166.976,100,6.2,"mw","iscgem809905","Vanuatu","earthquake"
94,"1969-04-16 12:19:58",-13.558,166.773,35,6,"mw","iscgem809906","Vanuatu","earthquake"
95,"1969-04-17 4:56:14",39.599,143.616,10,5.9,"mw","iscgem809924","off the east coast of Honshu, Japan","earthquake"
96,"1969-04-18 12:32:04",-4.524,132.699,30,5.7,"mw","iscgem809970","near the south coast of Papua, Indonesia","earthquake"
97,"1969-04-21 2:19:07",14.092,-91.058,70.7,5.6,"mw","iscgem810035","Guatemala","earthquake"
98,"1969-04-21 7:19:28",32.15,131.938,38.6,7,"mw","iscgem810045","Kyushu, Japan","earthquake"
99,"1969-04-22 6:31:57",-26.724,-113.955,10,6.2,"mw","iscgem810076","Easter Island region","earthquake"
100,"1969-04-22 8:11:23",39.893,143.35,34.5,6,"mw","iscgem810080","off the east coast of Honshu, Japan","earthquake"
101,"1969-04-22 22:34:37",12.705,58.403,17.9,5.6,"mw","iscgem810096","Owen Fracture Zone region","earthquake"
102,"1969-04-25 3:34:20",7.413,-82.111,27.4,5.8,"mw","iscgem810156","south of Panama","earthquake"
103,"1969-04-26 5:58:53",-30.663,-71.569,35,6,"mw","iscgem810191","Coquimbo, Chile","earthquake"
104,"1969-04-26 6:02:52",-30.576,-71.249,35,6.2,"mw","iscgem810192","Coquimbo, Chile","earthquake"
105,"1969-04-27 1:37:19",0.777,119.99,35,5.6,"mw","iscgem810215","Minahasa, Sulawesi, Indonesia","earthquake"
106,"1969-04-27 12:59:09",-57.655,-25.793,45,5.7,"mw","iscgem810230","South Sandwich Islands region","earthquake"
107,"1969-04-28 7:25:30",-22.356,-177.506,283.5,5.9,"mw","iscgem810245","south of the Fiji Islands","earthquake"
108,"1969-04-28 19:39:05",-7.889,158.92,68.6,5.7,"mw","iscgem810258","Solomon Islands","earthquake"
109,"1969-05-01 19:05:26",-16.695,-174.666,203.4,6.2,"mw","iscgem808514","Tonga","earthquake"
110,"1969-05-04 12:36:37",-17.469,168.798,10,6,"mw","iscgem808598","Vanuatu","earthquake"
111,"1969-05-13 14:16:54",11.513,-86.278,75,5.7,"mw","iscgem808890","near the coast of Nicaragua","earthquake"
112,"1969-05-13 14:19:43",36.4,140.736,50,5.6,"mw","iscgem808891","near the east coast of Honshu, Japan","earthquake"
113,"1969-05-13 14:30:22",-7.221,120.792,631.7,6.4,"mw","iscgem808893","Flores Sea","earthquake"
114,"1969-05-14 19:32:57",51.294,-179.831,28.3,6.9,"mw","iscgem808940","Andreanof Islands, Aleutian Islands, Alaska","earthquake"
115,"1969-05-15 20:39:49",34.556,70.826,30,5.6,"mw","iscgem809000","Hindu Kush region, Afghanistan","earthquake"
116,"1969-05-15 20:43:33",16.811,-61.24,34.8,6,"mw","iscgem809001","Guadeloupe region, Leeward Islands","earthquake"
117,"1969-05-18 0:15:35",-8.897,158.725,30,5.6,"mw","iscgem809070","Solomon Islands","earthquake"
118,"1969-05-21 2:56:51",11.734,125.876,30,6,"mw","iscgem809164","Samar, Philippines","earthquake"
119,"1969-05-23 13:04:35",53.179,-160.38,15,5.5,"mw","iscgem809233","south of Alaska","earthquake"
120,"1969-05-25 20:18:30",-31.886,-178.696,60,5.6,"mw","iscgem809298","Kermadec Islands region","earthquake"
121,"1969-05-25 22:30:42",-57.734,-25.372,15,5.9,"mw","iscgemsup809301","South Sandwich Islands region","earthquake"
122,"1969-05-26 15:37:21",11.793,125.786,30,6,"mw","iscgem809313","Samar, Philippines","earthquake"
123,"1969-05-28 13:30:08",-2.174,-76.763,158.6,5.7,"mw","iscgem809360","Peru-Ecuador border region","earthquake"
124,"1969-05-30 15:55:36",-32.083,-177.918,20,6.2,"mw","iscgem809404","south of the Kermadec Islands","earthquake"
125,"1969-05-30 16:22:47",-32.16,-177.984,20,6.1,"mw","iscgem809406","south of the Kermadec Islands","earthquake"
126,"1969-06-09 21:53:00",-23.558,-174.819,15,5.8,"mw","iscgem807885","Tonga region","earthquake"
127,"1969-06-12 7:41:24",40.405,143.794,15,5.8,"mw","iscgem807949","off the east coast of Honshu, Japan","earthquake"
128,"1969-06-12 15:13:32",34.414,25.169,22.4,6.1,"mw","iscgem807959","Crete, Greece","earthquake"
129,"1969-06-13 8:48:30",49.376,155.44,55,6.4,"mw","iscgem807986","Kuril Islands","earthquake"
130,"1969-06-14 3:22:57",-8.013,159.044,55,5.8,"mw","iscgem808013","Solomon Islands","earthquake"
131,"1969-06-17 19:26:29",19.033,145.477,202.6,6.5,"mw","iscgem808102","Maug Islands region, Northern Mariana Islands","earthquake"
132,"1969-06-17 23:58:09",-52.744,160.309,15,6.8,"mw","iscgem808108","Macquarie Island region","earthquake"
133,"1969-06-18 23:44:15",52.537,-167.919,32.7,5.8,"mw","iscgem808141","Fox Islands, Aleutian Islands, Alaska","earthquake"
134,"1969-06-19 7:03:06",28.198,129.969,40,5.6,"mw","iscgem808154","Ryukyu Islands, Japan","earthquake"
135,"1969-06-20 2:37:49",53.089,-162.506,17.8,5.6,"mw","iscgem808173","south of Alaska","earthquake"
136,"1969-06-21 15:12:10",-5.405,109.603,557.1,5.7,"mw","iscgem808220","Java Sea","earthquake"
137,"1969-06-22 2:33:52",49.209,158.499,15,5.7,"mw","iscgem808242","east of the Kuril Islands","earthquake"
138,"1969-06-22 10:45:26",51.486,-179.972,56.7,5.8,"mw","iscgem808253","Andreanof Islands, Aleutian Islands, Alaska","earthquake"
139,"1969-06-23 7:08:27",18.265,-104.779,20,5.7,"mw","iscgem808276","offshore Colima, Mexico","earthquake"
140,"1969-06-24 3:29:17",-5.894,146.745,100,5.5,"mw","iscgem808297","eastern New Guinea region, Papua New Guinea","earthquake"
141,"1969-06-24 10:58:07",13.443,123.149,15,5.9,"mw","iscgem808307","Luzon, Philippines","earthquake"
142,"1969-06-29 10:34:06",-30.516,-178.118,35,6.1,"mw","iscgem808444","Kermadec Islands, New Zealand","earthquake"
143,"1969-06-29 17:09:12",-62.884,166.684,10,6,"mw","iscgem808452","Balleny Islands region","earthquake"
144,"1969-07-04 22:54:18",-55.791,147.116,10,5.8,"mw","iscgem806733","west of Macquarie Island","earthquake"
145,"1969-07-05 1:44:01",-3.843,131.523,25,5.8,"mw","iscgem806738","Ceram Sea, Indonesia","earthquake"
146,"1969-07-07 4:43:16",16.465,147.287,25,5.9,"mw","iscgem806795","Mariana Islands region","earthquake"
147,"1969-07-08 4:06:40",2.097,126.65,15,5.6,"mw","iscgem806815","Molucca Sea","earthquake"
148,"1969-07-12 13:00:40",46.429,153.324,20,6,"mw","iscgem806976","Kuril Islands","earthquake"
149,"1969-07-12 19:16:32",39.849,143.737,19.5,6.2,"mw","iscgem806984","off the east coast of Honshu, Japan","earthquake"
150,"1969-07-16 8:16:53",52.17,158.845,57.3,5.9,"mw","iscgem807098","near the east coast of the Kamchatka Peninsula, Russia","earthquake"
151,"1969-07-18 5:24:47",38.31,119.572,10,6.9,"mw","iscgem807162","Bo Hai, China","earthquake"
152,"1969-07-18 23:17:11",-18.499,-63.472,19,5.6,"mw","iscgem807188","Santa Cruz, Bolivia","earthquake"
153,"1969-07-19 4:54:55",-17.334,-72.303,56.7,6.4,"mw","iscgem807195","near the coast of southern Peru","earthquake"
154,"1969-07-21 22:06:57",2.905,124.813,212.8,5.6,"mw","iscgem807297","Celebes Sea","earthquake"
155,"1969-07-22 17:14:13",-11.8,166.543,140,5.7,"mw","iscgem807318","Santa Cruz Islands","earthquake"
156,"1969-07-23 13:14:36",37.36,141.669,47.3,5.6,"mw","iscgem807346","near the east coast of Honshu, Japan","earthquake"
157,"1969-07-24 2:59:24",-11.917,-75.132,10,6.1,"mw","iscgem807365","central Peru","earthquake"
158,"1969-07-24 12:41:39",-45.672,35.059,10,6.1,"mw","iscgem807386","Prince Edward Islands region","earthquake"
159,"1969-07-25 13:34:10",2.6,126.532,30,5.6,"mw","iscgem807426","Molucca Sea","earthquake"
160,"1969-07-25 22:49:41",21.661,111.803,20,5.7,"mw","iscgem807433","Guangdong, China","earthquake"
161,"1969-07-26 14:45:47",-11.651,165.192,15,5.6,"mw","iscgem807453","Santa Cruz Islands","earthquake"
162,"1969-07-27 21:21:40",59.266,-145.401,15,5.7,"mw","iscgem807497","Gulf of Alaska","earthquake"
163,"1969-07-28 13:03:19",30.786,132.423,20,5.7,"mw","iscgem807521","southeast of Shikoku, Japan","earthquake"
164,"1969-07-29 6:24:22",-14.816,167.378,120,5.6,"mw","iscgem807533","Vanuatu","earthquake"
165,"1969-07-31 11:23:04",52.86,-170.052,50,5.7,"mw","iscgem807593","Fox Islands, Aleutian Islands, Alaska","earthquake"
166,"1969-08-01 23:43:46",45.407,150.882,38.4,6.3,"mw","iscgem805092","Kuril Islands","earthquake"
167,"1969-08-02 0:34:20",45.478,150.942,25,5.8,"mw","iscgem805094","Kuril Islands","earthquake"
168,"1969-08-03 0:22:29",-4.27,153.016,30,5.9,"mw","iscgem805141","New Ireland region, Papua New Guinea","earthquake"
169,"1969-08-03 4:19:38",24.125,123.212,55,5.6,"mw","iscgem805148","southwestern Ryukyu Islands, Japan","earthquake"
170,"1969-08-03 7:48:15",45.336,151.626,26.6,5.6,"mw","iscgem805152","Kuril Islands","earthquake"
171,"1969-08-04 17:19:20",-5.639,125.331,525.1,6.3,"mw","iscgem805203","Banda Sea","earthquake"
172,"1969-08-05 2:13:11",1.138,126.181,26.9,6.9,"mw","iscgem805214","Molucca Sea","earthquake"
173,"1969-08-05 16:32:24",-5.316,153.708,35,6.1,"mw","iscgem805239","New Ireland region, Papua New Guinea","earthquake"
174,"1969-08-07 1:49:32",-5.211,154.109,100,5.6,"mw","iscgem805283","Bougainville region, Papua New Guinea","earthquake"
175,"1969-08-08 6:30:57",36.369,70.891,193.2,5.9,"mw","iscgem805307","Hindu Kush region, Afghanistan","earthquake"
176,"1969-08-08 11:08:14",-47.715,-15.654,15,6.1,"mw","iscgem805313","southern Mid-Atlantic Ridge","earthquake"
177,"1969-08-08 20:44:20",-6.069,129.569,176.1,6.6,"mw","iscgem805322","Banda Sea","earthquake"
178,"1969-08-11 21:26:36",43.552,147.987,25,6.2,"mw","iscgem805428","Kuril Islands","earthquake"
179,"1969-08-11 21:27:29",43.634,147.673,25,6.2,"mw","iscgemsup805429","Kuril Islands","earthquake"
180,"1969-08-11 21:27:35",43.424,147.859,30,8.2,"mw","iscgem805430","Kuril Islands","earthquake"
181,"1969-08-11 22:53:58",44.007,148.413,30,5.7,"mw","iscgemsup805455","Kuril Islands","earthquake"
182,"1969-08-11 23:02:56",43.208,147.731,30,5.8,"mw","iscgem805461","Kuril Islands","earthquake"
183,"1969-08-11 23:42:04",43.666,147.804,35,5.6,"mw","iscgem805478","Kuril Islands","earthquake"
184,"1969-08-11 23:52:58",1.848,126.371,35,6.2,"mw","iscgemsup805483","Molucca Sea","earthquake"
185,"1969-08-12 3:33:39",43.235,147.707,18.9,6.2,"mw","iscgem805532","Kuril Islands","earthquake"
186,"1969-08-12 4:53:39",43.301,147.692,30.4,6.1,"mw","iscgem805548","Kuril Islands","earthquake"
187,"1969-08-12 5:03:28",43.584,148.187,30,6.8,"mw","iscgem805549","east of the Kuril Islands","earthquake"
188,"1969-08-12 5:53:30",43.789,148.424,29.3,6.8,"mw","iscgem805554","east of the Kuril Islands","earthquake"
189,"1969-08-12 7:10:44",43.768,148.186,35,5.6,"mw","iscgem805566","east of the Kuril Islands","earthquake"
190,"1969-08-12 9:25:40",43.323,147.713,26.3,6,"mw","iscgem805580","Kuril Islands","earthquake"
191,"1969-08-12 9:33:44",43.518,147.672,30.8,6.1,"mw","iscgem805581","Kuril Islands","earthquake"
192,"1969-08-12 11:21:23",43.948,148.724,19.3,6.8,"mw","iscgem805592","east of the Kuril Islands","earthquake"
193,"1969-08-12 12:21:21",1.702,126.323,35,5.8,"mw","iscgem805603","Molucca Sea","earthquake"
194,"1969-08-12 13:18:09",43.522,148.187,26.7,5.8,"mw","iscgem805612","east of the Kuril Islands","earthquake"
195,"1969-08-12 21:16:12",42.858,146.821,30,5.6,"mw","iscgem805645","off the coast of Hokkaido, Japan","earthquake"
196,"1969-08-12 23:05:59",43.378,147.9,31.1,6,"mw","iscgem805649","Kuril Islands","earthquake"
197,"1969-08-13 3:29:16",43.456,147.482,35,5.8,"mw","iscgem805684","Kuril Islands","earthquake"
198,"1969-08-13 8:31:34",43.999,147.853,35,6.1,"mw","iscgem805701","Kuril Islands","earthquake"
199,"1969-08-13 22:57:09",44.14,148.242,31,6.3,"mw","iscgem805735","Kuril Islands","earthquake"
200,"1969-08-14 10:58:04",-5.409,152.071,40,5.8,"mw","iscgem805775","New Britain region, Papua New Guinea","earthquake"
201,"1969-08-14 14:19:04",43.313,147.647,27.5,7.1,"mw","iscgem805782","Kuril Islands","earthquake"
202,"1969-08-15 4:32:01",43.305,147.885,19.2,6.3,"mw","iscgem805834","Kuril Islands","earthquake"
203,"1969-08-15 8:41:54",21.665,143.05,303.2,6.1,"mw","iscgem805845","Mariana Islands region","earthquake"
204,"1969-08-15 10:02:19",43.11,148.292,25,6.1,"mw","iscgem805850","east of the Kuril Islands","earthquake"
205,"1969-08-16 15:15:31",43.261,147.55,32.5,5.8,"mw","iscgem805908","Kuril Islands","earthquake"
206,"1969-08-16 17:13:42",43.097,147.648,32.9,5.6,"mw","iscgem805909","Kuril Islands","earthquake"
207,"1969-08-17 11:54:56",42.666,141.566,129.7,5.9,"mw","iscgemsup805944","Hokkaido, Japan region","earthquake"
208,"1969-08-17 20:13:08",25.213,-109.188,15,6.5,"mw","iscgem805963","Gulf of California","earthquake"
209,"1969-08-17 20:14:59",25.035,-109.424,15,6.7,"mw","iscgem805964","Gulf of California","earthquake"
210,"1969-08-18 1:04:03",-55.896,-123.21,10,6.1,"mw","iscgem805983","southern East Pacific Rise","earthquake"
211,"1969-08-18 1:39:25",24.881,-109.117,20,6,"mw","iscgem805985","Gulf of California","earthquake"
212,"1969-08-18 3:21:54",24.679,-109.222,20,5.6,"mw","iscgem805990","Gulf of California","earthquake"
213,"1969-08-18 11:43:30",43.875,148.5,25,5.8,"mw","iscgem806010","east of the Kuril Islands","earthquake"
214,"1969-08-19 8:49:55",43.731,148.109,26.7,6.6,"mw","iscgem806060","east of the Kuril Islands","earthquake"
215,"1969-08-20 7:50:10",47.941,153.68,105,6.3,"mw","iscgemsup806097","Kuril Islands","earthquake"
216,"1969-08-21 3:32:12",43.129,147.19,26.7,5.9,"mw","iscgem806137","Kuril Islands","earthquake"
217,"1969-08-21 13:24:01",43.664,148.139,28.5,5.8,"mw","iscgem806156","east of the Kuril Islands","earthquake"
218,"1969-08-22 4:40:24",43.13,148.011,25,5.8,"mw","iscgem806193","east of the Kuril Islands","earthquake"
219,"1969-08-26 16:58:01",-5.739,151.194,45,5.8,"mw","iscgem806385","New Britain region, Papua New Guinea","earthquake"
220,"1969-08-26 20:28:04",-15.333,-173.165,35,5.6,"mw","iscgem806388","Tonga","earthquake"
221,"1969-08-27 3:26:14",43.279,147.769,35,5.7,"mw","iscgem806413","Kuril Islands","earthquake"
222,"1969-08-27 19:23:11",28.779,143.83,15,5.6,"mw","iscgem806441","Bonin Islands, Japan region","earthquake"
223,"1969-08-28 13:54:14",-31.456,-177.59,30,6,"mw","iscgem806471","Kermadec Islands region","earthquake"
224,"1969-08-28 21:35:23",43.267,147.757,26.4,5.8,"mw","iscgem806482","Kuril Islands","earthquake"
225,"1969-08-30 7:11:41",43.573,147.848,25.9,6.4,"mw","iscgem806532","Kuril Islands","earthquake"
226,"1969-08-30 7:54:29",43.232,146.794,35,5.7,"mw","iscgem806539","Kuril Islands","earthquake"
227,"1969-08-30 8:28:07",43.54,147.78,27.1,6.1,"mw","iscgem806540","Kuril Islands","earthquake"
228,"1969-09-02 3:47:10",-27.786,-66.573,168.7,5.7,"mw","iscgem804015","Catamarca, Argentina","earthquake"
229,"1969-09-03 16:20:26",31.343,140.33,30,5.9,"mw","iscgem804081","Izu Islands, Japan region","earthquake"
230,"1969-09-04 3:08:53",46.57,153.629,26.8,6,"mw","iscgem804095","Kuril Islands","earthquake"
231,"1969-09-04 21:12:37",43.78,147.456,30,5.7,"mw","iscgem804123","Kuril Islands","earthquake"
232,"1969-09-05 11:42:15",22.762,121.656,25,5.9,"mw","iscgem804142","Taiwan region","earthquake"
233,"1969-09-06 7:43:32",43.757,147.485,41.6,5.7,"mw","iscgem804170","Kuril Islands","earthquake"
234,"1969-09-06 14:30:41",36.902,-12.002,35,6.1,"mw","iscgem804189","Azores-Cape St. Vincent Ridge","earthquake"
235,"1969-09-06 14:50:00",-8.81,157.882,25,6.2,"mw","iscgem804190","Solomon Islands","earthquake"
236,"1969-09-06 17:08:06",-8.905,157.963,25,6,"mw","iscgem804192","Solomon Islands","earthquake"
237,"1969-09-07 3:06:03",-8.887,157.762,25,5.7,"mw","iscgem804205","Solomon Islands","earthquake"
238,"1969-09-09 5:15:38",35.794,137.063,10,6.3,"mw","iscgem804274","eastern Honshu, Japan","earthquake"
239,"1969-09-11 3:17:02",26.158,128.525,25.9,5.6,"mw","iscgem804348","Ryukyu Islands, Japan","earthquake"
240,"1969-09-12 8:57:08",51.207,-179.222,34.2,6.7,"mw","iscgem804402","Andreanof Islands, Aleutian Islands, Alaska","earthquake"
241,"1969-09-12 15:00:18",51.102,-179.142,35,5.5,"mw","iscgem804421","Andreanof Islands, Aleutian Islands, Alaska","earthquake"
242,"1969-09-13 11:52:13",43.144,147.648,34.1,5.7,"mw","iscgem804452","Kuril Islands","earthquake"
243,"1969-09-14 14:46:23",39.643,74.952,30,5.8,"mw","iscgem804493","southern Xinjiang, China","earthquake"
244,"1969-09-14 16:15:26",39.637,74.781,30,5.6,"mw","iscgem804497","southern Xinjiang, China","earthquake"
245,"1969-09-15 14:45:42",51.827,175.366,33.5,5.5,"mw","iscgem804530","Rat Islands, Aleutian Islands, Alaska","earthquake"
246,"1969-09-15 18:47:42",45.532,151.738,38.8,5.5,"mw","iscgem804536","Kuril Islands","earthquake"
247,"1969-09-16 8:00:36",27.069,127.327,92.5,5.5,"mw","iscgem804552","Ryukyu Islands, Japan","earthquake"
248,"1969-09-16 14:30:01",37.3141667,-116.4606667,1.2,5.82,"ml","ci3326197","52km NNE of Beatty, NV","nuclear explosion"
249,"1969-09-17 18:40:52",31.041,131.458,35,6,"mw","iscgem804588","Kyushu, Japan","earthquake"
250,"1969-09-17 18:51:11",31.035,131.207,35,5.8,"mw","iscgem804590","Kyushu, Japan","earthquake"
251,"1969-09-19 1:29:38",6.031,125.36,92.8,5.7,"mw","iscgemsup804622","Mindanao, Philippines","earthquake"
252,"1969-09-20 5:08:57",58.406,-32.168,10,6.1,"mw","iscgem804674","Reykjanes Ridge","earthquake"
253,"1969-09-20 8:56:44",-3.082,141.973,25,5.6,"mw","iscgem804682","New Guinea, Papua New Guinea","earthquake"
254,"1969-09-20 15:26:39",1.684,-101.067,10,6.2,"mw","iscgem804698","Galapagos Triple Junction region","earthquake"
255,"1969-09-22 1:46:15",2.922,95.795,30,6,"mw","iscgem804761","Simeulue, Indonesia","earthquake"
256,"1969-09-22 13:47:51",4.876,-32.684,10,5.5,"mw","iscgem804777","central Mid-Atlantic Ridge","earthquake"
257,"1969-09-23 22:37:27",18.729,-106.929,25,6.1,"mw","iscgem804817","off the coast of Jalisco, Mexico","earthquake"
258,"1969-09-24 18:03:19",15.291,-45.741,10,6.8,"mw","iscgem804847","northern Mid-Atlantic Ridge","earthquake"
259,"1969-09-27 4:02:17",43.686,147.207,48.5,5.6,"mw","iscgem804916","Kuril Islands","earthquake"
260,"1969-09-27 9:04:04",-60.925,-55.595,25,6,"mw","iscgem804921","South Shetland Islands","earthquake"
261,"1969-09-29 16:19:59",-7.195,128.747,131,5.8,"mw","iscgem804997","Kepulauan Barat Daya, Indonesia","earthquake"
262,"1969-09-29 17:58:39",43.335,147.772,25.2,5.8,"mw","iscgem804999","Kuril Islands","earthquake"
263,"1969-09-29 20:03:30",-33.268,19.386,15,6.3,"mw","iscgem805003","South Africa","earthquake"
264,"1969-09-30 17:51:40",-31.66,-177.823,15,6.2,"mw","iscgem805035","Kermadec Islands region","earthquake"
265,"1969-10-01 5:05:48",-11.841,-75.051,10,6.6,"mw","iscgem802947","central Peru","earthquake"
266,"1969-10-01 5:58:14",-11.803,-74.942,10,5.8,"mw","iscgem802957","central Peru","earthquake"
267,"1969-10-01 8:28:16",-11.842,-75.031,10,6,"mw","iscgem802962","central Peru","earthquake"
268,"1969-10-01 17:10:55",0.638,-84.982,15,6.3,"mw","iscgem802975","off the coast of Ecuador","earthquake"
269,"1969-10-01 19:53:15",-60.793,-19.785,10,5.7,"mw","iscgem802980","east of the South Sandwich Islands","earthquake"
270,"1969-10-03 1:33:20",-33.016,-177.933,20,5.7,"mw","iscgem803028","south of the Kermadec Islands","earthquake"
271,"1969-10-06 12:48:05",15.041,120.018,45,5.8,"mw","iscgem803147","Luzon, Philippines","earthquake"
272,"1969-10-13 1:02:31",39.691,20.593,20,5.6,"mw","iscgem803357","Greece-Albania border region","earthquake"
273,"1969-10-13 6:56:03",-18.746,169.423,245,5.9,"mw","iscgem803363","Vanuatu","earthquake"
274,"1969-10-17 1:25:14",23.041,94.636,135,6.3,"mw","iscgem803481","Myanmar","earthquake"
275,"1969-10-18 8:44:02",52.474,173.413,27.4,5.6,"mw","iscgem803516","Near Islands, Aleutian Islands, Alaska","earthquake"
276,"1969-10-20 15:20:39",17.358,-95.198,96.5,5.6,"mw","iscgem803587","Oaxaca, Mexico","earthquake"
277,"1969-10-21 20:53:47",51.297,-179.193,35,5.9,"mw","iscgem803625","Andreanof Islands, Aleutian Islands, Alaska","earthquake"
278,"1969-10-22 7:12:08",-4.772,152.593,65,5.7,"mw","iscgem803637","New Britain region, Papua New Guinea","earthquake"
279,"1969-10-22 10:21:53",-18.167,-71.411,25,5.7,"mw","iscgem803643","off the coast of Tarapaca, Chile","earthquake"
280,"1969-10-22 22:51:33",34.609,-121.492,10,5.8,"mw","iscgem803657","offshore Central California","earthquake"
281,"1969-10-24 0:46:14",52.324,-168.696,27.1,5.6,"mw","iscgem803704","Fox Islands, Aleutian Islands, Alaska","earthquake"
282,"1969-10-25 12:03:49",43.923,147.919,45,5.6,"mw","iscgem803758","Kuril Islands","earthquake"
283,"1969-10-26 6:38:04",-16.167,-173.704,115,5.8,"mw","iscgemsup803791","Tonga","earthquake"
284,"1969-10-26 15:36:52",44.813,17.339,15,6.1,"mw","iscgem803808","Bosnia and Herzegovina","earthquake"
285,"1969-10-26 21:39:20",-53.449,23.581,20,6.3,"mw","iscgem803822","south of Africa","earthquake"
286,"1969-10-27 8:10:58",44.854,17.253,15,6.1,"mw","iscgem803833","Bosnia and Herzegovina","earthquake"
287,"1969-10-31 6:43:23",45.513,151.004,45,5.6,"mw","iscgem803954","Kuril Islands","earthquake"
288,"1969-10-31 11:33:04",51.279,-178.975,30,6.6,"mw","iscgem803964","Andreanof Islands, Aleutian Islands, Alaska","earthquake"
289,"1969-11-01 11:08:24",23.148,-107.988,10,6.6,"mw","iscgem801757","Gulf of California","earthquake"
290,"1969-11-05 17:54:12",34.589,-121.428,10,6,"mw","iscgem801913","offshore Central California","earthquake"
291,"1969-11-06 20:20:18",51.064,-178.779,25,6,"mw","iscgem801961","Andreanof Islands, Aleutian Islands, Alaska","earthquake"
292,"1969-11-07 18:34:06",27.793,60.043,75,6.6,"mw","iscgem802001","southeastern Iran","earthquake"
293,"1969-11-08 1:41:41",-16.298,167.586,15,5.7,"mw","iscgem802012","Vanuatu","earthquake"
294,"1969-11-11 15:23:59",-5.765,151.541,65,5.6,"mw","iscgem802172","New Britain region, Papua New Guinea","earthquake"
295,"1969-11-12 19:09:03",52.92,-168.327,50,5.8,"mw","iscgem802215","Fox Islands, Aleutian Islands, Alaska","earthquake"
296,"1969-11-13 7:51:30",-27.837,-71.794,21.4,6,"mw","iscgem802240","offshore Atacama, Chile","earthquake"
297,"1969-11-20 23:46:11",56.404,-153.565,15,5.7,"mw","iscgem802485","Kodiak Island region, Alaska","earthquake"
298,"1969-11-21 2:05:38",2.005,94.489,25,7.6,"mw","iscgem802491","off the west coast of northern Sumatra","earthquake"
299,"1969-11-22 23:09:40",57.65,163.554,35,7.4,"mw","iscgem802552","near the east coast of the Kamchatka Peninsula, Russia","earthquake"
300,"1969-11-24 17:23:20",37.118,71.665,115.1,6.1,"mw","iscgem802628","Tajikistan","earthquake"
301,"1969-11-24 22:51:49",56.106,-153.864,17.8,6,"mw","iscgem802635","Kodiak Island region, Alaska","earthquake"
302,"1969-11-26 12:44:06",-16.841,167.834,25,6,"mw","iscgem802688","Vanuatu","earthquake"
303,"1969-12-01 20:35:03",-59.825,-28.582,140,5.8,"mw","iscgem800589","South Sandwich Islands region","earthquake"
304,"1969-12-01 22:13:55",16.78,-60.698,30,5.9,"mw","iscgem800594","Guadeloupe region, Leeward Islands","earthquake"
305,"1969-12-02 17:57:04",8.187,126.286,97.2,5.8,"mw","iscgem800626","Mindanao, Philippines","earthquake"
306,"1969-12-04 8:50:24",40.726,144.715,29.1,5.7,"mw","iscgem800688","off the east coast of Honshu, Japan","earthquake"
307,"1969-12-08 5:04:22",1.734,127.282,115,5.6,"mw","iscgem800842","Halmahera, Indonesia","earthquake"
308,"1969-12-10 19:54:03",-15.071,166.98,20,6.2,"mw","iscgem800910","Vanuatu","earthquake"
309,"1969-12-13 3:19:57",0.909,-28.097,17.8,5.6,"mw","iscgem801007","central Mid-Atlantic Ridge","earthquake"
310,"1969-12-13 4:03:56",1.354,126.408,45,5.6,"mw","iscgem801009","Molucca Sea","earthquake"
311,"1969-12-14 2:42:10",1.956,126.827,35,6.1,"mw","iscgem801038","Molucca Sea","earthquake"
312,"1969-12-14 18:37:08",8.142,58.377,10,5.8,"mw","iscgem801054","Carlsberg Ridge","earthquake"
313,"1969-12-18 13:32:07",46.254,142.423,345,6.3,"mw","iscgem801176","Sakhalin, Russia","earthquake"
314,"1969-12-21 10:18:02",28.188,130.655,20,5.6,"mw","iscgem801290","Ryukyu Islands, Japan","earthquake"
315,"1969-12-23 13:22:55",57.15,163.178,30,5.9,"mw","iscgem801354","near the east coast of the Kamchatka Peninsula, Russia","earthquake"
316,"1969-12-25 21:32:31",15.648,-59.694,20,7.2,"mw","iscgem801426","east of Dominica, Leeward Islands","earthquake"
317,"1969-12-25 22:26:14",15.771,-59.783,20,5.6,"mw","iscgem801438","east of Guadeloupe, Leeward Islands","earthquake"
318,"1969-12-25 22:31:06",16.062,-59.854,20,6.1,"mw","iscgem801439","east of Guadeloupe, Leeward Islands","earthquake"
319,"1969-12-26 0:18:24",55.109,-160.395,39.8,5.6,"mw","iscgem801452","Alaska Peninsula","earthquake"
320,"1969-12-27 14:03:04",16.086,-59.65,20,5.7,"mw","iscgem801573","east of Guadeloupe, Leeward Islands","earthquake"
321,"1969-12-28 4:53:11",43.373,147.809,28.8,5.7,"mw","iscgem801591","Kuril Islands","earthquake"
322,"1969-12-29 0:51:50",16.094,-59.753,23.8,5.9,"mw","iscgem801638","east of Guadeloupe, Leeward Islands","earthquake"
323,"1969-12-31 19:01:56",28.532,129.075,25,6.3,"mw","iscgem801741","Ryukyu Islands, Japan","earthquake"
324,"1970-01-01 17:11:00",-29.4,-177.169,35,5.6,"mw","iscgem799588","Kermadec Islands, New Zealand","earthquake"
325,"1970-01-04 17:00:41",24.185,102.543,11.3,7.1,"mw","iscgem799712","Yunnan, China","earthquake"
326,"1970-01-05 11:49:10",23.984,102.732,15,5.9,"mw","iscgem799745","Yunnan, China","earthquake"